Dataset,Attack,PR,l1,l2,l_inf,MSE,PSNR,SSIM,LPIPS,IS,pHash,SAM,SS,DSWD,BMS,UCLC,TAC,CDBI,TUP,SPECTRE_F1,STRIP_F1,SS_F1,CLP_ASR,IBAU_ASR,NC_Norm,FeatureRE_ASR,TABOR_Score,BTI_Detected,BAN_Detected,ASR_Before
CIFAR-10,badnet,0.05,13.2,2.84,0.811,0.00264,25.8,0.956,0.00441,0.17,95.2,0.00144,0.507,2.01,34.0,6.59,3.9,0.574,16.2,0.12,0.995,0.217,11.36,34.6,136.8,7.77,194.86,2499,5000,100.0
CIFAR-10,badnet,0.003,13.2,2.84,0.811,0.00264,25.8,0.956,0.00441,0.17,95.2,0.00144,0.355,2.54,76.61,7.99,8.03,0.627,23.1,0.008,0.995,0.038,99.72,2.8,118.3,34.44,175.4,0,451,100.0
CIFAR-10,blended,0.05,230.0,4.92,0.191,0.00801,21.0,0.784,0.0483,2.37,89.8,0.083,0.473,2.05,38.02,6.49,3.05,0.738,3.68,0.053,0.993,0.0,95.87,33.3,214.4,14.44,251.0,0,914,99.8
CIFAR-10,blended,0.003,230.0,4.92,0.191,0.00801,21.0,0.784,0.0483,2.37,89.8,0.083,0.276,2.08,48.66,5.76,4.3,0.796,3.94,0.006,0.97,0.011,90.68,0.0,305.5,11.11,350.76,1101,531,94.8
CIFAR-10,wanet,0.05,46.5,1.42,0.173,0.000717,31.5,0.978,0.00432,0.27,96.1,0.0119,0.382,1.83,32.71,6.33,10.7,0.641,9.3,0.089,0.943,0.001,24.72,32.7,222.0,97.78,241.89,46,4721,98.5
CIFAR-10,wanet,0.003,46.5,1.42,0.173,0.000717,31.5,0.978,0.00432,0.27,96.1,0.0119,0.378,1.62,18.76,7.68,14.3,0.644,8.56,0.007,0.807,0.001,0.76,33.8,323.2,56.67,358.66,0,5000,95.3
CIFAR-10,bpp,0.05,24.6,0.525,0.0196,8.97e-05,40.5,0.992,0.000194,0.15,99.2,0.0239,0.5,1.91,97.43,9.42,8.5,0.64,21.0,0.117,0.878,0.11,0.7,33.4,253.0,23.33,283.23,0,1884,99.8
CIFAR-10,bpp,0.003,24.6,0.525,0.0196,8.97e-05,40.5,0.992,0.000194,0.15,99.2,0.0239,0.371,0.952,16.1,7.38,7.48,0.519,10.9,0.007,0.903,0.001,0.45,34.0,161.1,47.78,188.46,0,5000,69.5
CIFAR-10,narcissus,0.05,542.0,9.98,0.188,0.0325,14.9,0.532,0.184,3.68,82.2,0.331,0.491,2.23,50.21,7.37,6.23,0.767,2.15,0.08,0.995,0.0,99.92,14.5,181.4,53.33,208.73,0,448,100.0
CIFAR-10,narcissus,0.003,542.0,9.98,0.188,0.0325,14.9,0.532,0.184,3.68,82.2,0.331,-0.007,1.9,25.68,6.88,2.15,5.92,2.13,0.006,0.963,0.006,92.13,0.0,239.4,11.11,284.75,2500,417,98.9
CIFAR-10,adaptive_patch,0.05,74.1,6.77,0.913,0.0151,18.2,0.956,0.012,0.724,87.7,0.00894,0.254,0.765,44.03,10.7,6.44,1.29,8.38,0.081,0.107,0.052,11.43,11.2,299.2,65.56,339.43,1969,5000,30.1
CIFAR-10,adaptive_patch,0.003,74.1,6.77,0.913,0.0151,18.2,0.956,0.012,0.724,87.7,0.00894,0.05,1.91,42.22,9.91,3.94,3.42,10.2,0.006,0.723,0.001,37.54,8.0,170.8,87.78,213.35,0,765,92.2
CIFAR-10,adaptive_blend,0.05,232.0,4.97,0.192,0.00815,20.9,0.783,0.0485,2.37,89.8,0.0831,0.231,1.15,41.84,5.6,2.14,1.66,3.34,0.056,0.016,0.01,54.32,8.3,255.8,93.33,292.93,0,1313,53.9
CIFAR-10,adaptive_blend,0.003,232.0,4.97,0.192,0.00815,20.9,0.783,0.0485,2.37,89.8,0.0831,0.149,2.1,45.98,7.7,4.58,5.19,3.63,0.006,0.018,0.0,44.0,5.6,299.5,95.56,329.12,577,946,87.9
CIFAR-10,dfst,0.05,487.0,10.8,0.489,0.04,14.0,0.719,0.165,2.22,88.6,0.316,0.519,2.26,82.34,6.16,6.41,0.65,3.7,0.067,0.0,0.001,39.11,23.3,246.3,57.78,324.4,0,5000,100.0
CIFAR-10,dfst,0.003,487.0,10.8,0.489,0.04,14.0,0.719,0.165,2.22,88.6,0.316,0.339,2.63,103.91,6.37,11.8,0.55,4.47,0.006,0.0,0.0,79.02,5.8,292.2,75.56,376.97,0,468,100.0
CIFAR-10,grond,0.05,87.6,1.62,0.0348,0.000859,30.7,0.934,0.00292,0.918,97.9,0.0833,0.435,1.82,27.77,3.6,2.43,0.868,1.87,0.089,0.061,0.099,92.64,3.3,225.986,12.22,253.89,0,538,92.9
CIFAR-10,grond,0.003,87.6,1.62,0.0348,0.000859,30.7,0.934,0.00292,0.918,97.9,0.0833,-0.101,1.65,6.14,3.18,2.3,5.81,1.78,0.006,0.073,0.01,72.55,16.8,282.294,4.44,325.57,1813,586,76.6
Imagenette,badnet,0.05,73.3,6.94,0.879,0.00254,26.0,0.981,0.0152,0.0331,97.2,0.00144,0.588,1.78,51.47,6.22,15.3,0.418,18.4,0.116,0.978,0.22,47.23,0.0,230.83,93.83,234.713,0,288,100.0
Imagenette,badnet,0.003,73.3,6.94,0.879,0.00254,26.0,0.981,0.0152,0.0331,97.2,0.00144,0.26,1.49,48.4,5.39,18.4,0.871,19.3,0.008,0.96,0.039,0.53,0.0,453.184,81.48,463.869,0,50,86.7
Imagenette,blended,0.05,1620.0,13.8,0.198,0.01,20.0,0.697,0.203,3.1,89.9,0.0968,0.0216,1.6,27.4,4.99,6.24,3.07,3.3,0.054,0.977,0.158,98.93,0.0,627.689,75.31,638.591,9129,104,98.9
Imagenette,blended,0.003,1620.0,13.8,0.198,0.01,20.0,0.697,0.203,3.1,89.9,0.0968,0.0975,1.27,25.45,5.37,6.04,2.2,2.77,0.005,0.857,0.033,76.17,0.1,848.25,38.27,857.801,0,27,73.5
Imagenette,wanet,0.05,225.0,2.94,0.19,0.000494,33.3,0.981,0.014,0.0775,98.0,0.0111,0.557,1.73,24.81,7.05,64.0,0.571,8.85,0.071,0.933,0.061,69.19,0.0,857.005,100.0,861.028,0,941,97.2
Imagenette,wanet,0.003,225.0,2.94,0.19,0.000494,33.3,0.981,0.014,0.0775,98.0,0.0111,0.192,0.474,15.29,6.49,2.55,0.809,3.84,0.008,0.893,0.0,87.45,0.0,773.287,30.86,777.157,0,209,61.0
Imagenette,bpp,0.05,151.0,1.3,0.0196,8.79e-05,40.6,0.983,0.00187,0.099,99.4,0.0294,0.607,1.34,142.88,8.82,59.2,0.518,13.9,0.096,0.793,0.202,1.92,0.1,190.388,100.0,198.392,0,715,73.6
Imagenette,bpp,0.003,151.0,1.3,0.0196,8.79e-05,40.6,0.983,0.00187,0.099,99.4,0.0294,0.227,0.0402,14.48,5.19,0.394,0.854,1.56,0.01,0.825,0.001,1.02,0.0,713.54,81.48,721.787,32,0,1.02
Imagenette,narcissus,0.05,3310.0,24.6,0.188,0.0317,15.0,0.615,0.428,3.37,82.8,0.268,0.0431,1.34,20.0,5.41,5.59,4.27,2.64,0.088,0.877,0.054,83.38,0.0,932.268,44.44,943.413,0,0,86.1
Imagenette,narcissus,0.003,3310.0,24.6,0.188,0.0317,15.0,0.615,0.428,3.37,82.8,0.268,-0.0164,0.883,14.9,6.42,4.64,7.54,2.13,0.006,0.423,0.006,45.92,0.0,878.91,69.14,888.085,0,116,13.6
Imagenette,adaptive_patch,0.05,424.0,16.7,0.96,0.0147,18.4,0.955,0.054,0.238,86.9,0.009,0.0822,0.588,26.72,6.24,11.5,2.9,5.72,0.078,0.697,0.017,33.04,2.1,372.325,77.78,376.74,0,947,20.2
Imagenette,adaptive_patch,0.003,424.0,16.7,0.96,0.0147,18.4,0.955,0.054,0.238,86.9,0.009,-0.0455,0.106,14.28,7.62,1.42,4.45,2.35,0.005,0.127,0.0,10.24,0.1,1020.848,64.2,1030.888,38,596,0.565
Imagenette,adaptive_blend,0.05,1640.0,13.9,0.198,0.0102,19.9,0.697,0.203,3.09,89.9,0.0969,0.063,1.26,22.74,5.08,5.61,3.0,3.29,0.063,0.188,0.022,95.41,2.9,672.295,82.72,683.304,0,947,94.9
Imagenette,adaptive_blend,0.003,1640.0,13.9,0.198,0.0102,19.9,0.697,0.203,3.09,89.9,0.0969,-0.0657,0.965,18.05,5.67,4.71,12.3,2.45,0.006,0.03,0.0,72.07,1.9,888.594,55.56,903.251,0,7,54.4
Imagenette,dfst,0.05,3220.0,28.9,0.532,0.0456,13.5,0.692,0.335,1.52,88.1,0.334,0.641,2.2,127.1,6.29,18.9,0.476,3.81,0.051,0.007,0.0,98.42,0.8,819.277,90.12,830.711,245,947,99.5
Imagenette,dfst,0.003,3220.0,28.9,0.532,0.0456,13.5,0.692,0.335,1.52,88.1,0.334,0.261,2.15,54.43,4.61,10.8,0.934,4.43,0.006,0.055,0.0,98.21,1.0,814.905,50.62,823.215,196,0,99.7
Imagenette,grond,0.05,476.0,3.66,0.0352,0.0007,31.6,0.882,0.0482,1.02,99.1,0.0521,0.0308,1.05,22.79,3.14,4.2,24.0,1.61,0.093,0.244,0.074,52.48,1.1,552.044,45.68,561.01,0,45,60.2
Imagenette,grond,0.003,476.0,3.66,0.0352,0.0007,31.6,0.882,0.0482,1.02,99.1,0.0521,0.0546,0.286,14.83,3.73,2.19,12.4,1.05,0.006,0.216,0.007,2.01,1.6,1105.304,64.2,1118.896,0,79,1.81
